{
    "ret": 1.040877581741794,
    "mtx": [
        [
            992.2496055692862,
            0.0,
            574.7085996575001
        ],
        [
            0.0,
            1005.1383938418271,
            367.2411730180926
        ],
        [
            0.0,
            0.0,
            1.0
        ]
    ],
    "dist": [
        [
            0.21211948277229659,
            -0.2981420596322147,
            -0.004719770783941992,
            -0.03420376047348317,
            -0.031005100500232335
        ]
    ],
    "rvecs": [
        [
            [
                -0.03617858927217498
            ],
            [
                0.09083277781815502
            ],
            [
                0.13275565683488189
            ]
        ],
        [
            [
                0.15110402187140853
            ],
            [
                0.25017379827890096
            ],
            [
                1.557210710742648
            ]
        ],
        [
            [
                -0.18058127108926655
            ],
            [
                0.09525502009415698
            ],
            [
                1.4918273157033275
            ]
        ],
        [
            [
                -0.14802144438476658
            ],
            [
                0.17705252883292202
            ],
            [
                0.8914148220564833
            ]
        ],
        [
            [
                0.018232018368975304
            ],
            [
                0.4382225506663239
            ],
            [
                0.41496997589029405
            ]
        ],
        [
            [
                -0.1708219083550452
            ],
            [
                -0.007388649335445733
            ],
            [
                0.9415350205217228
            ]
        ],
        [
            [
                -0.19806680713493102
            ],
            [
                0.6395083518611228
            ],
            [
                1.5943168599438942
            ]
        ],
        [
            [
                -0.039899490148027926
            ],
            [
                -0.04485917409091001
            ],
            [
                0.09507866841144999
            ]
        ],
        [
            [
                -0.5380708834399153
            ],
            [
                -0.01938300931534533
            ],
            [
                0.2599680620381693
            ]
        ],
        [
            [
                -0.026766163770608368
            ],
            [
                0.16966352644153515
            ],
            [
                1.5559330305670764
            ]
        ],
        [
            [
                0.15905925714410074
            ],
            [
                -0.09922070154106016
            ],
            [
                1.5195287906910113
            ]
        ],
        [
            [
                -0.07395656752974322
            ],
            [
                0.2592849836039065
            ],
            [
                0.06635355540946884
            ]
        ],
        [
            [
                -0.18035810784467923
            ],
            [
                -0.023898125862053993
            ],
            [
                1.4908466345833253
            ]
        ],
        [
            [
                -0.05918702079634601
            ],
            [
                0.12188138371682343
            ],
            [
                0.10275594856839851
            ]
        ],
        [
            [
                -0.09079494952224643
            ],
            [
                0.255685817248973
            ],
            [
                0.09428358483103708
            ]
        ],
        [
            [
                -0.0033521053546243457
            ],
            [
                0.2004695486499658
            ],
            [
                0.1513120064176858
            ]
        ]
    ],
    "tvecs": [
        [
            [
                0.9420663095284196
            ],
            [
                -3.0262648550031197
            ],
            [
                22.56229938878458
            ]
        ],
        [
            [
                0.5195272225252463
            ],
            [
                -2.495320595896502
            ],
            [
                19.916177255845504
            ]
        ],
        [
            [
                10.477078410595746
            ],
            [
                -3.0777272216346137
            ],
            [
                22.45256817420785
            ]
        ],
        [
            [
                0.3878378412541978
            ],
            [
                -4.675947582851738
            ],
            [
                23.535784861544826
            ]
        ],
        [
            [
                -7.44348218318856
            ],
            [
                -4.813996138108132
            ],
            [
                22.18196706400859
            ]
        ],
        [
            [
                0.5935640515187687
            ],
            [
                -4.081480303414364
            ],
            [
                21.03240053396798
            ]
        ],
        [
            [
                0.15146209302907931
            ],
            [
                -3.7073969193039713
            ],
            [
                21.90592754783783
            ]
        ],
        [
            [
                -0.9389222960112604
            ],
            [
                -2.4255918157846414
            ],
            [
                21.428584265290652
            ]
        ],
        [
            [
                -0.7565717134299353
            ],
            [
                -0.8310607004651188
            ],
            [
                25.920086488205968
            ]
        ],
        [
            [
                5.119073498133567
            ],
            [
                -3.7914936745303156
            ],
            [
                17.69201285649606
            ]
        ],
        [
            [
                2.7702708970632557
            ],
            [
                -4.823395443687626
            ],
            [
                18.40586791265274
            ]
        ],
        [
            [
                -7.655773016002661
            ],
            [
                -4.038332051949112
            ],
            [
                21.797360693789575
            ]
        ],
        [
            [
                10.775694660917301
            ],
            [
                -1.809698688239847
            ],
            [
                21.80598358440079
            ]
        ],
        [
            [
                -7.936585451119931
            ],
            [
                -3.00876455701368
            ],
            [
                23.06149519517043
            ]
        ],
        [
            [
                -2.214779791465382
            ],
            [
                -3.2141120813409887
            ],
            [
                22.057062987608102
            ]
        ],
        [
            [
                -3.359785315953281
            ],
            [
                -5.617457278335178
            ],
            [
                22.355468701781085
            ]
        ]
    ]
}